{"coordinateSystem":"origin top-left; x increases right; y increases downward; race distance in meters from the start line","mode":"race","league":1,"raceNumber":1,"player":{"carId":"vortex-72","gear":2,"rpm":2423.0753160207196,"distanceM":50.475110725366704,"speedMps":17.268427619282534,"launched":true},"ai":{"carId":"vortex-72","gear":2,"rpm":4946.881717697285,"distanceM":330.5418234703123,"speedMps":45.883012672304815,"launched":true},"timerMs":16182.190000116778,"money":1000,"result":null}